Revenue,Users,ARPPU
861.560000000001,55,15.66472727272729
