Revenue,Users,ARPU
861.560000000001,97,8.882061855670113
